Attrition,Gender,OverTime,ID,Age,DailyRate,DistanceFromHome,Education,EmployeeNumber,EnvironmentSatisfaction,HourlyRate,JobInvolvement,JobLevel,JobSatisfaction,MonthlyIncome,MonthlyRate,NumCompaniesWorked,PercentSalaryHike,PerformanceRating,RelationshipSatisfaction,StockOptionLevel,TotalWorkingYears,TrainingTimesLastYear,WorkLifeBalance,YearsAtCompany,YearsInCurrentRole,YearsSinceLastPromotion,YearsWithCurrManager
0,0,0,0.626761739671974,-0.989108745770355,1.69719467186644,-1.02487205297417,0.096624666860087,0.754259075587077,-1.54737617561452,1.31097497584274,0.393687993155086,-0.953186800991893,0.26092436281963,-0.757175852295236,0.199958207765019,0.108081712186778,-0.054415250530112,-0.422677418790153,1.17289200197336,0.251924703986628,-0.805581773004875,0.131861941824773,1.71127856855026,-0.658037743862583,-0.605772383048935,-0.366921623028059,-0.598759277221428
0,0,1,1.02868514098543,-0.765042970787876,-0.875625357087426,-0.656172389533428,0.096624666860087,-0.852912223237857,0.271836355175523,-1.27259829071614,0.393687993155086,-0.953186800991893,1.15817414800966,-0.892896005065084,-1.5332069661866,2.48861562617404,2.12219477067437,2.36315102323586,0.265855520447296,-0.91389706446213,-1.0717633690984,0.917614608862804,0.306738611343915,-0.990206491852399,-1.15532605693066,-0.680807377240853,-1.15828728063995
0,0,1,-0.407892560738904,0.803417454089473,-0.96288185031745,-1.02487205297417,-0.880857428119862,1.26022041040233,0.271836355175523,1.65876368480259,0.393687993155086,-0.953186800991893,-0.636325422370402,-0.880498491110146,-0.454902497165566,-0.685429592475642,-0.870644008481795,-0.422677418790153,0.265855520447296,2.58356824088414,-0.672490974958114,-0.653890725213258,-1.09780134586243,-0.325868995872768,-0.330995546108073,-0.0530358688152651,-0.318995275512168
0,0,1,-1.53805341195694,-2.10943762068275,1.22351656576059,-0.533272501719847,0.096624666860087,-0.687565381794962,-0.637769910219497,0.168240646403238,0.393687993155086,-0.953186800991893,-0.636325422370402,-0.981418604708238,-0.88158187805804,-0.685429592475642,-0.326491503180673,-0.422677418790153,1.17289200197336,-0.91389706446213,-1.47103576323868,0.131861941824773,0.306738611343915,-1.15629086584731,-1.15532605693066,-0.680807377240853,-1.15828728063995
0,0,1,-1.36295806881048,0.0191872416507986,1.39055042422949,-0.901972165160589,-0.880857428119862,-1.69618111459662,1.18144262057054,1.31097497584274,-1.0275093265334,-0.953186800991893,0.26092436281963,-0.935308552805661,-1.67824700631194,1.29834866918041,-0.054415250530112,-0.422677418790153,-0.641180961078772,-0.91389706446213,-0.539400176911354,0.131861941824773,0.306738611343915,-1.15629086584731,-1.15532605693066,-0.680807377240853,-1.15828728063995
0,1,0,-1.29928703493904,1.02748322907195,-1.38171301782157,1.43312570329744,-0.880857428119862,1.30817099442077,1.18144262057054,0.0191883425633022,0.393687993155086,-0.035849946055005,-0.636325422370402,0.551523120807606,-0.49007224501361,0.504837364517988,1.85011851802381,2.36315102323586,1.17289200197336,0.251924703986628,0.25914461136921,-0.653890725213258,1.71127856855026,0.338468500106864,0.768111801655375,0.260849885397529,0.800060731324872
0,0,0,0.00596915942544737,-0.989108745770355,0.186410817655158,-0.901972165160589,1.07410676184004,-0.333723141107168,0.271836355175523,-0.974493683036268,0.393687993155086,-0.953186800991893,0.26092436281963,-0.436797991670259,0.288163935367914,1.29834866918041,0.48973725477101,-0.422677418790153,1.17289200197336,-0.91389706446213,-0.805581773004875,0.131861941824773,-1.09780134586243,-0.824122117857491,-0.605772383048935,-0.0530358688152651,-0.878523278930688
0,1,0,-0.487481353078202,-0.653010083296637,-0.633800218707072,-0.779072277347009,0.096624666860087,0.838585964722953,1.18144262057054,-1.62038699967599,0.393687993155086,-0.953186800991893,0.26092436281963,-0.501613064627654,-1.43065198146171,-0.685429592475642,-0.870644008481795,-0.422677418790153,-1.54821744260484,-0.91389706446213,-0.539400176911354,-0.653890725213258,-2.50234130306878,0.00629975211704819,-0.605772383048935,1.5163929022487,0.800060731324872
0,0,1,1.46642349885157,-0.20487853333168,0.969226214061663,-0.656172389533428,0.096624666860087,0.116020267617505,1.18144262057054,1.01287036816287,0.393687993155086,0.881486908881883,-1.53357520756043,0.694203281411805,-0.561677851632229,-1.08218524480685,1.85011851802381,2.36315102323586,-1.54821744260484,-0.91389706446213,-0.273218580817833,-0.653890725213258,0.306738611343915,0.172384126111956,0.768111801655375,0.574735639610323,0.800060731324872
0,0,0,0.813795401669325,-1.10114163326159,1.5077234294241,-0.901972165160589,-1.85833952309981,-0.599931555830228,0.271836355175523,0.963186266882893,0.393687993155086,-0.953186800991893,-1.53357520756043,-0.728465819978538,0.284224923608933,-1.08218524480685,-1.14272026113236,-0.422677418790153,-0.641180961078772,0.251924703986628,-0.805581773004875,0.131861941824773,0.306738611343915,-0.491953369867676,-0.330995546108073,-0.680807377240853,-0.598759277221428
0,1,0,-0.849610358222009,0.915450341580713,-1.26952609795439,2.04762514236535,1.07410676184004,-0.571822592784936,-1.54737617561452,1.70844778608257,0.393687993155086,-0.035849946055005,-1.53357520756043,-0.457678015173313,-1.22329114814964,-0.288673940144432,-0.326491503180673,-0.422677418790153,1.17289200197336,1.41774647243539,-0.805581773004875,0.917614608862804,0.306738611343915,-0.990206491852399,-0.880549219989797,-0.680807377240853,-1.15828728063995
0,0,1,1.34704031034262,-0.0928456458404407,-1.23960958598981,-0.0416729504655244,0.096624666860087,-1.55398283095573,1.18144262057054,0.665081659203023,-1.0275093265334,-0.953186800991893,0.26092436281963,-0.652993235024792,1.04825252585985,-1.08218524480685,0.48973725477101,-0.422677418790153,-1.54821744260484,0.251924703986628,-1.20485416714516,-2.22539605928932,-1.09780134586243,-0.990206491852399,-1.15532605693066,-0.680807377240853,-1.15828728063995
0,1,0,0.543193507715711,-1.77333895820903,1.5251747280701,1.0644260398567,-1.85833952309981,-0.176643641736418,1.18144262057054,-0.0304957587166763,0.393687993155086,-0.953186800991893,1.15817414800966,-0.804155905177107,-0.767491216038984,-0.685429592475642,1.03388976007213,-0.422677418790153,-1.54821744260484,-0.91389706446213,-1.33794496519192,0.131861941824773,-1.09780134586243,-0.990206491852399,-1.15532605693066,-0.680807377240853,-1.15828728063995
0,1,1,1.04858233907026,-2.10943762068275,-0.676181943990227,-0.779072277347009,-0.880857428119862,0.982437716778272,-0.637769910219497,0.217924747683216,0.393687993155086,-0.953186800991893,1.15817414800966,-1.04862618035869,0.575993151756309,-0.685429592475642,-0.870644008481795,-0.422677418790153,0.265855520447296,-0.91389706446213,-1.47103576323868,-0.653890725213258,1.71127856855026,-1.15629086584731,-1.15532605693066,-0.680807377240853,-1.15828728063995
0,0,0,1.61366276467927,-2.10943762068275,-1.45899734039673,-0.779072277347009,0.096624666860087,-1.03314028041061,0.271836355175523,-0.57702087279644,0.393687993155086,-0.953186800991893,0.26092436281963,-1.08103371683739,1.53443912011121,-0.685429592475642,-0.598567755831234,-0.422677418790153,0.265855520447296,-0.91389706446213,-1.47103576323868,-0.653890725213258,0.306738611343915,-1.15629086584731,-1.15532605693066,-0.680807377240853,-1.15828728063995
0,0,1,1.64549828161499,0.355285904124516,-0.598897621415062,1.55602559111102,-0.880857428119862,-0.889288528355293,0.271836355175523,0.118556545123259,-1.0275093265334,-0.035849946055005,0.26092436281963,-0.00223250251295822,-1.15576523228139,-0.288673940144432,-0.870644008481795,-0.422677418790153,-1.54821744260484,1.41774647243539,-0.406309378864593,2.48911994293887,0.306738611343915,-0.15978462187786,-0.0562187091672108,-0.366921623028059,-1.15828728063995
0,0,1,-1.49030013655336,-0.0928456458404407,-0.711084541282237,-0.779072277347009,-1.85833952309981,-0.103891031501545,0.271836355175523,-0.726073176636375,-1.0275093265334,0.881486908881883,1.15817414800966,0.855805963315646,-1.23904719518556,-0.685429592475642,-1.14272026113236,-0.422677418790153,-1.54821744260484,0.251924703986628,0.658417005509491,2.48911994293887,0.306738611343915,1.50105911807122,0.768111801655375,0.260849885397529,0.800060731324872
0,0,0,-0.666556135841623,-0.540977195805398,1.10634356056599,-0.901972165160589,1.07410676184004,1.09487356895944,1.18144262057054,1.46002727968268,0.393687993155086,-0.953186800991893,-0.636325422370402,-1.08690622344762,1.48084042439079,-0.685429592475642,-0.870644008481795,-0.422677418790153,-1.54821744260484,-0.91389706446213,-1.33794496519192,-0.653890725213258,0.306738611343915,-0.990206491852399,-1.15532605693066,-0.680807377240853,-1.15828728063995
0,0,0,1.55795061004176,-0.653010083296637,0.65759588109729,0.81862626422954,1.07410676184004,1.20896288955504,-1.54737617561452,0.217924747683216,0.393687993155086,0.881486908881883,0.26092436281963,0.385135433517649,0.657868324746556,-0.288673940144432,-0.598567755831234,-0.422677418790153,-1.54821744260484,2.58356824088414,-0.140127782771072,-0.653890725213258,0.306738611343915,-0.990206491852399,-1.15532605693066,-0.680807377240853,-1.15828728063995
0,1,0,0.674515015075553,-0.877075858279116,-0.965374892981165,-0.0416729504655244,0.096624666860087,1.19408167382518,-0.637769910219497,-0.676389075356397,-2.44870664622188,-0.953186800991893,-0.636325422370402,-0.789583388773934,0.0428197743799569,-0.685429592475642,-0.598567755831234,-0.422677418790153,0.265855520447296,-0.91389706446213,-1.20485416714516,0.131861941824773,0.306738611343915,-0.824122117857491,-0.605772383048935,-0.0530358688152651,-0.598759277221428
0,0,1,-1.02470570136847,-1.21317452075283,-1.17977656206065,-0.901972165160589,0.096624666860087,0.0383072521393444,-1.54737617561452,-0.427968568956504,0.393687993155086,-0.953186800991893,-1.53357520756043,-0.945748564557188,0.143545932216756,1.29834866918041,-0.326491503180673,-0.422677418790153,-0.641180961078772,0.251924703986628,-0.672490974958114,-0.653890725213258,0.306738611343915,-0.658037743862583,-0.605772383048935,-0.366921623028059,-0.598759277221428
0,1,0,-0.308406570314781,-0.877075858279116,-1.01523574625546,1.92472525455177,2.05158885681999,-0.768585334101981,0.271836355175523,0.267608848963195,-1.0275093265334,-0.953186800991893,-0.636325422370402,-0.836128441166157,0.559111672789247,0.901593016849198,0.217661002120449,-0.422677418790153,-0.641180961078772,-0.91389706446213,-0.672490974958114,-0.653890725213258,1.71127856855026,-0.824122117857491,-0.605772383048935,-0.366921623028059,-0.878523278930688
0,0,0,0.929199150561308,-0.540977195805398,0.682526307734439,-0.287472726092686,-0.880857428119862,0.461595166233154,1.18144262057054,0.665081659203023,0.393687993155086,-0.035849946055005,0.26092436281963,-0.327830369013699,1.19849768866669,-0.685429592475642,0.761813507421571,-0.422677418790153,-1.54821744260484,0.251924703986628,-0.140127782771072,0.131861941824773,0.306738611343915,0.504552874101772,-0.0562187091672108,-0.366921623028059,-0.878523278930688
0,0,1,-0.200961700656728,1.58764766652815,1.26589829104375,-0.656172389533428,1.07410676184004,0.0846043677433548,-1.54737617561452,-1.57070289839601,0.393687993155086,-0.953186800991893,0.26092436281963,-0.854615961976153,-0.561818530623621,2.48861562617404,-0.870644008481795,-0.422677418790153,0.265855520447296,2.58356824088414,0.924598601603012,-0.653890725213258,1.71127856855026,0.504552874101772,-1.15532605693066,-0.0530358688152651,0.800060731324872
0,1,1,-1.6216216439132,-0.428944308314158,-0.529092426831043,-0.0416729504655244,1.07410676184004,0.210267967239955,-1.54737617561452,0.565713456643065,0.393687993155086,-0.035849946055005,-1.53357520756043,0.398837948941528,0.571069387057582,-1.08218524480685,0.48973725477101,-0.422677418790153,-1.54821744260484,-0.91389706446213,-0.672490974958114,0.131861941824773,0.306738611343915,-0.325868995872768,-0.605772383048935,-0.680807377240853,-0.318995275512168
0,1,1,0.411872000355869,-1.43724029573531,1.57752862400812,-1.02487205297417,-1.85833952309981,-0.786773486660699,-1.54737617561452,-0.179548062556612,0.393687993155086,-0.953186800991893,-0.636325422370402,-0.693448280561958,1.07568492918132,-0.685429592475642,0.217661002120449,-0.422677418790153,-0.641180961078772,-0.91389706446213,-0.672490974958114,0.917614608862804,0.306738611343915,-0.325868995872768,-0.330995546108073,-0.366921623028059,-0.0392312738029078
0,0,0,0.84165147898808,-2.10943762068275,-1.41661561511358,-0.164572838279105,-1.85833952309981,0.208614498825526,0.271836355175523,0.714765760483001,0.393687993155086,-0.953186800991893,0.26092436281963,-0.975763598342827,-0.108269462375241,-0.685429592475642,-0.870644008481795,-0.422677418790153,1.17289200197336,-0.91389706446213,-1.47103576323868,-2.22539605928932,0.306738611343915,-1.15629086584731,-1.15532605693066,-0.680807377240853,-1.15828728063995
0,1,0,-1.41071134421406,0.0191872416507986,0.812164526247619,0.204126825161637,-0.880857428119862,0.00523788385076553,-1.54737617561452,-0.22923216383659,-2.44870664622188,-0.035849946055005,-0.636325422370402,-0.350885394964987,0.00793138451469693,0.901593016849198,-0.054415250530112,-0.422677418790153,-1.54821744260484,-0.91389706446213,0.525326207462731,-0.653890725213258,-2.50234130306878,-0.990206491852399,-1.15532605693066,-0.680807377240853,-1.15828728063995
0,0,1,-0.025866357510272,-0.540977195805398,-0.748480181237962,-1.02487205297417,0.096624666860087,-1.15549694307835,1.18144262057054,-0.179548062556612,-1.0275093265334,-0.953186800991893,0.26092436281963,-0.578608151295164,-0.668875243073068,-1.08218524480685,-0.326491503180673,-0.422677418790153,1.17289200197336,-0.91389706446213,-0.938672571051635,-0.653890725213258,-2.50234130306878,-0.658037743862583,-0.605772383048935,-0.366921623028059,-0.598759277221428
0,0,0,1.18786272566403,-0.540977195805398,1.64234773326471,0.204126825161637,1.07410676184004,-0.65945641874967,1.18144262057054,-0.278916265116569,1.81488531284357,-0.035849946055005,0.26092436281963,-0.36611041210263,1.34888353046493,2.09185997384283,-0.870644008481795,-0.422677418790153,1.17289200197336,-0.91389706446213,-0.672490974958114,-0.653890725213258,0.306738611343915,-0.491953369867676,-0.605772383048935,-0.366921623028059,-0.598759277221428
0,0,1,-1.50621789502122,0.579351679106995,0.293611652194902,1.18732592767028,0.096624666860087,-0.459386740603768,0.271836355175523,-0.427968568956504,1.81488531284357,-0.953186800991893,0.26092436281963,-0.789800889018757,0.849754469005486,1.29834866918041,-0.870644008481795,-0.422677418790153,1.17289200197336,-0.91389706446213,-0.539400176911354,-0.653890725213258,0.306738611343915,-0.824122117857491,-0.605772383048935,-0.0530358688152651,-0.598759277221428
0,1,1,1.29132815570512,0.915450341580713,1.58002166667183,-0.901972165160589,0.096624666860087,0.408684176971428,-1.54737617561452,1.4103431784027,-2.44870664622188,2.71616061875566,-0.636325422370402,2.70434054407035,-1.6646011441469,-0.288673940144432,0.217661002120449,-0.422677418790153,-1.54821744260484,-0.91389706446213,1.9893249859771,-0.653890725213258,0.306738611343915,2.82973411003048,1.59244231247796,-0.366921623028059,1.91911673816191
0,0,0,0.754103807414852,-0.989108745770355,-1.31190782323755,-0.901972165160589,-0.880857428119862,0.784021507046798,0.271836355175523,-1.3719664932761,-1.0275093265334,-0.953186800991893,-1.53357520756043,-0.832865937493805,-1.26197787078249,1.69510432151162,-1.14272026113236,-0.422677418790153,0.265855520447296,-0.91389706446213,-0.406309378864593,-0.653890725213258,-1.09780134586243,-1.15629086584731,-1.15532605693066,-0.680807377240853,-1.15828728063995
0,0,0,-1.0883767352399,-0.989108745770355,1.37309912558349,1.80182536673819,-0.880857428119862,0.0862578361577838,-0.637769910219497,0.317292950243173,-1.0275093265334,0.881486908881883,-1.53357520756043,0.507153070863618,-0.277224931037246,-0.685429592475642,-0.870644008481795,-0.422677418790153,-1.54821744260484,-0.91389706446213,-0.140127782771072,-0.653890725213258,-1.09780134586243,0.504552874101772,0.768111801655375,-0.366921623028059,1.35958873474339
0,0,0,1.11623281255866,-1.43724029573531,-1.43406691375958,1.55602559111102,-1.85833952309981,1.13124987407688,1.18144262057054,-0.378284467676526,-2.44870664622188,-0.953186800991893,0.26092436281963,-1.05167118378622,-0.385547754409223,-0.685429592475642,-1.14272026113236,-0.422677418790153,0.265855520447296,0.251924703986628,-1.33794496519192,-0.653890725213258,0.306738611343915,-0.990206491852399,-1.15532605693066,-0.680807377240853,-1.15828728063995
0,1,1,-1.22765712183368,-0.540977195805398,0.772275843628179,0.81862626422954,-1.85833952309981,-1.64823053057818,-0.637769910219497,0.317292950243173,-2.44870664622188,-0.953186800991893,-1.53357520756043,-0.537500605023528,-1.35679551098081,-0.685429592475642,1.85011851802381,2.36315102323586,-0.641180961078772,-0.91389706446213,-0.140127782771072,1.70336727590083,0.306738611343915,0.504552874101772,-0.605772383048935,1.20250714803591,0.800060731324872
0,0,1,-0.905322512859518,0.131220129142038,0.909393190132503,2.41632480580609,-1.85833952309981,-1.23651689538537,-0.637769910219497,0.217924747683216,0.393687993155086,-0.035849946055005,-1.53357520756043,0.0614950692203196,-0.418044601420816,1.69510432151162,1.03388976007213,-0.422677418790153,-0.641180961078772,-0.91389706446213,0.791507803556252,-0.653890725213258,0.306738611343915,-0.990206491852399,-1.15532605693066,-0.680807377240853,-1.15828728063995
0,0,1,0.395954241888009,-0.877075858279116,-1.23960958598981,-0.164572838279105,1.07410676184004,-0.952120328103593,-0.637769910219497,0.565713456643065,-2.44870664622188,-0.953186800991893,-1.53357520756043,-0.92900104570578,-1.34582254965222,-0.685429592475642,-1.14272026113236,-0.422677418790153,1.17289200197336,-0.91389706446213,-0.539400176911354,0.917614608862804,-1.09780134586243,0.00629975211704819,0.768111801655375,-0.680807377240853,0.800060731324872
0,1,0,-0.149228985636184,-0.316911420822919,0.727401075681309,-0.0416729504655244,1.07410676184004,0.722843175712927,-1.54737617561452,-0.676389075356397,0.393687993155086,-0.953186800991893,0.26092436281963,-0.793498393180756,-1.58314800813083,-0.685429592475642,-0.054415250530112,-0.422677418790153,1.17289200197336,-0.91389706446213,-1.20485416714516,-2.22539605928932,0.306738611343915,-0.824122117857491,-0.605772383048935,-0.0530358688152651,-0.598759277221428
0,0,1,0.264632734528167,-0.989108745770355,-1.77561375868854,1.80182536673819,0.096624666860087,-1.67137908838018,0.271836355175523,-0.775757277916354,-1.0275093265334,-0.953186800991893,0.26092436281963,-0.948793567984717,-0.193942968133077,0.901593016849198,-0.326491503180673,-0.422677418790153,-0.641180961078772,-0.91389706446213,-0.672490974958114,0.917614608862804,0.306738611343915,-0.491953369867676,-0.605772383048935,-0.680807377240853,-0.318995275512168
0,1,1,0.268612174145132,1.25154900405443,-0.26732294714097,-0.287472726092686,-0.880857428119862,1.09322010054501,1.18144262057054,1.46002727968268,0.393687993155086,-0.953186800991893,0.26092436281963,-0.812420914480398,-0.363742510743435,-0.288673940144432,-1.14272026113236,-0.422677418790153,0.265855520447296,1.41774647243539,1.05768939964977,0.131861941824773,0.306738611343915,0.338468500106864,0.768111801655375,1.5163929022487,0.800060731324872
0,0,0,0.204941140273693,-0.765042970787876,0.323528164159482,-0.0416729504655244,0.096624666860087,1.39911175721437,-0.637769910219497,1.16192267200281,0.393687993155086,-0.953186800991893,1.15817414800966,-1.15476629983255,0.238222893423691,-0.685429592475642,-0.598567755831234,-0.422677418790153,0.265855520447296,-0.91389706446213,-1.33794496519192,0.131861941824773,-1.09780134586243,-0.990206491852399,-1.15532605693066,-0.680807377240853,-1.15828728063995
0,0,0,0.925219710944343,-0.428944308314158,-0.568981109450483,0.0812269373480563,-1.85833952309981,-0.737169434227831,-1.54737617561452,-1.3719664932761,-2.44870664622188,-0.953186800991893,1.15817414800966,-0.648643230128323,-1.07206123240305,1.69510432151162,-0.598567755831234,-0.422677418790153,-1.54821744260484,2.58356824088414,-0.406309378864593,-0.653890725213258,0.306738611343915,-0.491953369867676,-0.330995546108073,-0.366921623028059,-0.318995275512168
0,1,0,-0.232797217592448,-0.0928456458404407,0.173945604336583,0.81862626422954,1.07410676184004,0.020119099580626,0.271836355175523,-1.1235459868762,1.81488531284357,-0.953186800991893,-1.53357520756043,-0.793280892935933,-0.852039289865683,-0.685429592475642,0.217661002120449,-0.422677418790153,0.265855520447296,-0.91389706446213,0.924598601603012,-1.43964339225129,0.306738611343915,1.66714349206613,2.41677282330055,4.02747893595106,2.75840874328969
0,1,0,-0.909301952476483,0.691384566598234,1.38805738156578,-0.0416729504655244,0.096624666860087,0.261525488087252,-1.54737617561452,0.963186266882893,-2.44870664622188,-0.035849946055005,0.26092436281963,-0.22712775566043,-0.680410920367226,2.09185997384283,-0.598567755831234,-0.422677418790153,-0.641180961078772,-0.91389706446213,-0.539400176911354,-0.653890725213258,-1.09780134586243,-0.491953369867676,-0.330995546108073,-0.366921623028059,-0.318995275512168
0,0,0,-0.722268290479132,-0.653010083296637,-1.1373948367775,1.0644260398567,2.05158885681999,1.34289383112378,1.18144262057054,1.16192267200281,1.81488531284357,-0.953186800991893,-1.53357520756043,-0.746953340788533,1.00858105028725,-1.08218524480685,0.48973725477101,-0.422677418790153,0.265855520447296,-0.91389706446213,-1.20485416714516,0.917614608862804,0.306738611343915,-0.990206491852399,-1.15532605693066,-0.680807377240853,-1.15828728063995
0,1,1,1.2594926387694,-0.653010083296637,0.610228070486705,-1.02487205297417,0.096624666860087,0.497971471350591,1.18144262057054,-0.57702087279644,0.393687993155086,-0.953186800991893,-0.636325422370402,-0.889198500903085,-0.845005340296074,-0.685429592475642,-1.14272026113236,-0.422677418790153,-1.54821744260484,-0.91389706446213,-1.0717633690984,-0.653890725213258,1.71127856855026,-0.658037743862583,-0.605772383048935,-0.0530358688152651,-0.598759277221428
0,0,0,-0.292488811846921,-0.877075858279116,-0.1725873259198,1.80182536673819,0.096624666860087,1.48509211476467,0.271836355175523,-1.02417778431625,1.81488531284357,-0.953186800991893,-1.53357520756043,-1.15259129738431,-0.518208043292046,-0.685429592475642,0.48973725477101,-0.422677418790153,1.17289200197336,-0.91389706446213,-1.33794496519192,0.131861941824773,0.306738611343915,-0.990206491852399,-1.15532605693066,-0.680807377240853,-1.15828728063995
0,0,0,-0.805836522435395,1.13951611656319,0.692498478389299,-0.0416729504655244,0.096624666860087,1.13455681090573,0.271836355175523,0.814133963042958,-2.44870664622188,1.79882376381877,0.26092436281963,1.42369910254974,1.38405327831297,1.69510432151162,-1.14272026113236,-0.422677418790153,0.265855520447296,-0.91389706446213,1.85623418793034,0.131861941824773,-2.50234130306878,2.66364973603558,0.218558127773651,3.71359318173826,1.63935273645265
0,0,1,-0.539214068098746,-0.989108745770355,0.852053208867058,-0.901972165160589,1.07410676184004,-0.975268885905598,-1.54737617561452,0.913502165602915,-2.44870664622188,-0.953186800991893,1.15817414800966,-0.636463216418208,1.46466234038069,0.901593016849198,-0.598567755831234,-0.422677418790153,1.17289200197336,-0.91389706446213,-0.805581773004875,0.917614608862804,-1.09780134586243,-0.658037743862583,-0.605772383048935,-0.0530358688152651,-0.598759277221428
0,1,1,1.44254686114978,-1.66130607071779,1.19360005379601,-0.164572838279105,-1.85833952309981,1.24533919467247,0.271836355175523,0.665081659203023,0.393687993155086,-0.953186800991893,-1.53357520756043,-0.868318477400031,0.235409313595848,-0.685429592475642,0.48973725477101,-0.422677418790153,0.265855520447296,-0.91389706446213,-1.33794496519192,2.48911994293887,0.306738611343915,-0.990206491852399,-1.15532605693066,-0.680807377240853,-1.15828728063995
0,1,1,1.25551319915243,-1.88537184570027,-0.115247344654356,-0.0416729504655244,0.096624666860087,0.0779904940856391,1.18144262057054,-0.57702087279644,0.393687993155086,-0.953186800991893,1.15817414800966,-0.884630995761792,0.405068177214813,-0.685429592475642,-0.326491503180673,-0.422677418790153,-0.641180961078772,-0.91389706446213,-1.20485416714516,0.131861941824773,0.306738611343915,-0.824122117857491,-0.605772383048935,-0.680807377240853,-0.598759277221428
0,0,0,0.0298457971272369,-0.989108745770355,-0.713577583945952,-0.901972165160589,1.07410676184004,-1.1009324854022,-1.54737617561452,0.665081659203023,0.393687993155086,-0.953186800991893,0.26092436281963,-0.631895711276915,0.0857268667545709,-0.288673940144432,-1.14272026113236,-0.422677418790153,0.265855520447296,-0.91389706446213,-0.805581773004875,1.70336727590083,-2.50234130306878,-1.15629086584731,-1.15532605693066,-0.680807377240853,-1.15828728063995
0,0,0,-1.54601229119087,-0.540977195805398,0.370895974770066,-1.02487205297417,-0.880857428119862,1.16431924236546,-1.54737617561452,-1.57070289839601,-2.44870664622188,-0.035849946055005,-0.636325422370402,0.074980084399375,-0.306486161246819,1.29834866918041,-0.054415250530112,-0.422677418790153,-0.641180961078772,-0.91389706446213,-0.140127782771072,-0.653890725213258,0.306738611343915,-1.15629086584731,-1.15532605693066,-0.680807377240853,-1.15828728063995
0,1,1,0.376057043803185,2.14781210398434,-0.93296533835287,0.572826488602379,1.07410676184004,-1.43658657353127,-0.637769910219497,0.317292950243173,0.393687993155086,-0.953186800991893,-0.636325422370402,-0.310430349427821,-1.38085161850888,2.48861562617404,0.761813507421571,-0.422677418790153,-1.54821744260484,2.58356824088414,-0.539400176911354,-0.653890725213258,0.306738611343915,-0.325868995872768,-0.0562187091672108,0.574735639610323,-0.318995275512168
0,1,0,-0.0815785121477808,-0.316911420822919,-1.29445652459154,-0.410372613906267,-0.880857428119862,-0.78512001824627,1.18144262057054,-1.62038699967599,-2.44870664622188,-0.953186800991893,0.26092436281963,-0.878540988906735,-0.291574188159248,-1.08218524480685,0.217661002120449,-0.422677418790153,1.17289200197336,0.251924703986628,-1.0717633690984,0.131861941824773,-1.09780134586243,-0.824122117857491,-0.605772383048935,-0.366921623028059,-1.15828728063995
0,0,1,-1.61764220429624,1.81171344151063,0.879476678167923,1.80182536673819,1.07410676184004,1.55123085134183,-1.54737617561452,0.0191883425633022,0.393687993155086,0.881486908881883,-1.53357520756043,0.882558493428934,-1.1933265229831,1.29834866918041,-0.598567755831234,-0.422677418790153,-0.641180961078772,-0.91389706446213,0.525326207462731,-0.653890725213258,-1.09780134586243,-0.824122117857491,-0.605772383048935,-0.0530358688152651,-0.598759277221428
0,0,1,1.43458798191585,-0.428944308314158,0.650116753106145,-0.779072277347009,0.096624666860087,-0.542060161325215,-1.54737617561452,0.217924747683216,0.393687993155086,-0.953186800991893,-1.53357520756043,-0.661693244817731,-1.57020554092275,-0.685429592475642,-1.14272026113236,-0.422677418790153,-1.54821744260484,-0.91389706446213,-0.140127782771072,0.131861941824773,0.306738611343915,0.504552874101772,1.04288863859624,2.14416441067429,0.800060731324872
0,1,0,0.296468251463886,0.467318791615756,1.3581408696012,0.327026712975218,0.096624666860087,-1.60689382021746,-0.637769910219497,-0.825441379196332,0.393687993155086,2.71616061875566,0.26092436281963,2.86115822058808,0.274940110177049,-0.685429592475642,-0.870644008481795,-0.422677418790153,1.17289200197336,-0.91389706446213,1.59005259183681,-2.22539605928932,0.306738611343915,2.49756536204067,2.96632649718227,4.02747893595106,1.07982473303413
0,0,1,-1.58182724774355,-0.0928456458404407,1.59747296531784,0.449926600788798,2.05158885681999,1.16266577395103,-0.637769910219497,1.50971138096266,-1.0275093265334,-0.035849946055005,-1.53357520756043,-0.0557375627395328,-0.797315162214126,0.901593016849198,-0.598567755831234,-0.422677418790153,-0.641180961078772,2.58356824088414,0.658417005509491,0.131861941824773,0.306738611343915,-0.824122117857491,-0.605772383048935,-0.0530358688152651,-0.598759277221428
0,1,1,0.738186048946992,-1.88537184570027,0.139043007044573,-0.410372613906267,0.096624666860087,-1.47626981547757,1.18144262057054,0.0191883425633022,-1.0275093265334,-0.953186800991893,1.15817414800966,-0.753478348133237,0.767738617023846,-0.685429592475642,0.761813507421571,-0.422677418790153,-0.641180961078772,-0.91389706446213,-1.33794496519192,1.70336727590083,0.306738611343915,-0.990206491852399,-1.15532605693066,-0.366921623028059,-1.15828728063995
0,1,1,1.00082906366668,-0.877075858279116,-1.19224177537923,0.572826488602379,-1.85833952309981,0.646783628649196,0.271836355175523,0.913502165602915,0.393687993155086,0.881486908881883,1.15817414800966,0.252895284664977,1.21045540293503,-1.08218524480685,-0.870644008481795,-0.422677418790153,-1.54821744260484,-0.91389706446213,-0.273218580817833,-1.43964339225129,0.306738611343915,0.172384126111956,0.768111801655375,1.5163929022487,0.800060731324872
0,0,1,-1.38285526689531,-0.20487853333168,-0.481724616220458,0.572826488602379,1.07410676184004,-0.0327918896811002,0.271836355175523,-1.32228239199612,-1.0275093265334,-0.953186800991893,-0.636325422370402,-0.575780648112459,-0.598113710402803,-0.685429592475642,2.39427102332494,2.36315102323586,1.17289200197336,0.251924703986628,-0.805581773004875,-0.653890725213258,-2.50234130306878,-0.491953369867676,-0.605772383048935,-0.680807377240853,-0.598759277221428
0,0,0,-0.793898203584501,0.0191872416507986,-0.474245488229313,-1.02487205297417,1.07410676184004,-0.098930626258258,-1.54737617561452,-0.974493683036268,-1.0275093265334,0.881486908881883,0.26092436281963,0.917576032845513,0.0838980398664726,0.901593016849198,-1.14272026113236,-0.422677418790153,0.265855520447296,-0.91389706446213,0.791507803556252,-0.653890725213258,-2.50234130306878,1.1688903700814,-0.880549219989797,2.77193591909988,0.800060731324872
0,1,1,1.06847953715508,-1.21317452075283,0.261202097566607,1.31022581548386,-0.880857428119862,1.30321058917749,1.18144262057054,0.168240646403238,0.393687993155086,-0.953186800991893,-0.636325422370402,-0.9226935386059,-1.04617629798689,-1.08218524480685,-1.14272026113236,-0.422677418790153,0.265855520447296,-0.91389706446213,-0.672490974958114,0.131861941824773,0.306738611343915,-0.325868995872768,-0.880549219989797,-0.366921623028059,-0.0392312738029078
0,0,1,-0.384015923037114,1.47561477903691,0.358430761451491,-1.02487205297417,1.07410676184004,0.137515357005081,1.18144262057054,0.76444986176298,0.393687993155086,-0.035849946055005,0.26092436281963,-0.361542906961337,0.411539410818853,0.108081712186778,-0.326491503180673,-0.422677418790153,1.17289200197336,-0.91389706446213,-0.805581773004875,0.917614608862804,0.306738611343915,-1.15629086584731,-1.15532605693066,-0.680807377240853,-1.15828728063995
0,1,1,-1.18786272566403,-0.877075858279116,-0.0254978087606161,-1.02487205297417,-0.880857428119862,-0.353564762080315,-0.637769910219497,-1.47133469583605,-1.0275093265334,-0.953186800991893,-1.53357520756043,-0.885500996741086,-1.07431209626532,-0.685429592475642,-1.14272026113236,-0.422677418790153,1.17289200197336,0.251924703986628,-1.33794496519192,-1.43964339225129,0.306738611343915,-0.990206491852399,-1.15532605693066,-0.680807377240853,-1.15828728063995
0,1,0,0.706350532011273,-0.428944308314158,-0.873132314423711,-0.901972165160589,-0.880857428119862,-1.16045734832164,-1.54737617561452,-1.32228239199612,0.393687993155086,-0.953186800991893,-1.53357520756043,-0.801110901749578,1.01055055616674,1.69510432151162,1.30596601272269,2.36315102323586,-1.54821744260484,-0.91389706446213,0.25914461136921,0.131861941824773,1.71127856855026,0.338468500106864,0.768111801655375,-0.366921623028059,0.800060731324872
0,0,1,-0.543193507715711,-0.653010083296637,-1.19722786070666,-0.0416729504655244,-0.880857428119862,-0.0642077895552501,0.271836355175523,-0.974493683036268,-1.0275093265334,-0.953186800991893,-1.53357520756043,-0.885065996251439,-0.563225320537543,-1.08218524480685,1.85011851802381,2.36315102323586,-1.54821744260484,-0.91389706446213,-0.938672571051635,-2.22539605928932,0.306738611343915,-0.658037743862583,-0.605772383048935,-0.366921623028059,-0.598759277221428
0,1,1,-0.933178590178273,0.355285904124516,1.65481294658328,1.80182536673819,0.096624666860087,-0.0724751316273949,-0.637769910219497,1.70844778608257,1.81488531284357,1.79882376381877,-0.636325422370402,1.47981416571419,0.386217192368262,0.504837364517988,0.217661002120449,-0.422677418790153,1.17289200197336,-0.91389706446213,1.45696179379005,-0.653890725213258,-1.09780134586243,-0.990206491852399,-1.15532605693066,-0.680807377240853,-1.15828728063995
0,1,1,-0.181064502571904,-1.77333895820903,-0.14765689928265,-1.02487205297417,-1.85833952309981,-0.912437086157299,-1.54737617561452,1.65876368480259,-1.0275093265334,-0.953186800991893,-0.636325422370402,-0.917038532240489,-0.728101098449174,-0.685429592475642,-1.14272026113236,-0.422677418790153,0.265855520447296,-0.91389706446213,-1.0717633690984,0.131861941824773,0.306738611343915,-0.658037743862583,-0.605772383048935,-0.366921623028059,-0.598759277221428
0,0,1,0.0139280386593772,1.47561477903691,0.134056921717143,-0.779072277347009,-0.880857428119862,-1.62508197277617,-1.54737617561452,1.01287036816287,-1.0275093265334,-0.953186800991893,0.26092436281963,-0.806330907625341,-1.4793269124834,-0.685429592475642,-0.326491503180673,-0.422677418790153,0.265855520447296,-0.91389706446213,-1.0717633690984,-0.653890725213258,0.306738611343915,-0.658037743862583,-0.605772383048935,-0.680807377240853,-0.598759277221428
0,0,0,0.527275749247851,-0.765042970787876,-0.18754558190209,-1.02487205297417,0.096624666860087,0.879922675083677,-0.637769910219497,-0.0801798599966548,-1.0275093265334,-0.035849946055005,-1.53357520756043,0.722913313728504,-1.26647959850704,-0.685429592475642,-1.14272026113236,-0.422677418790153,1.17289200197336,0.251924703986628,-0.140127782771072,0.917614608862804,0.306738611343915,0.504552874101772,1.04288863859624,1.20250714803591,0.800060731324872
0,0,1,1.23959544068457,-0.877075858279116,-1.15983222075093,0.449926600788798,0.096624666860087,1.34620076795264,-1.54737617561452,-0.477652670236483,-1.0275093265334,-0.953186800991893,-1.53357520756043,-0.88202099282391,-1.57119029386249,0.504837364517988,-0.054415250530112,-0.422677418790153,1.17289200197336,2.58356824088414,-0.938672571051635,0.131861941824773,0.306738611343915,-0.824122117857491,-0.605772383048935,-0.0530358688152651,-1.15828728063995
0,0,0,-0.519316870013921,2.37187787896682,-1.31190782323755,-0.901972165160589,0.096624666860087,-0.0873563473572554,1.18144262057054,-0.726073176636375,0.393687993155086,-0.953186800991893,0.26092436281963,-0.85070095756933,1.67427403755504,0.504837364517988,2.39427102332494,2.36315102323586,-1.54821744260484,-0.91389706446213,-0.539400176911354,0.917614608862804,0.306738611343915,-0.990206491852399,-1.15532605693066,-0.680807377240853,-1.15828728063995
0,0,1,0.344221526867465,-0.989108745770355,-1.21218611668895,1.80182536673819,0.096624666860087,0.949368348489693,0.271836355175523,-0.726073176636375,0.393687993155086,-0.953186800991893,-0.636325422370402,-0.866143474951796,-0.98498093673129,-0.685429592475642,0.48973725477101,-0.422677418790153,0.265855520447296,2.58356824088414,-1.33794496519192,0.131861941824773,0.306738611343915,-0.990206491852399,-0.880549219989797,-0.680807377240853,-1.15828728063995
0,0,0,0.133311227168325,-1.21317452075283,-1.37174084716671,2.41632480580609,-0.880857428119862,0.0118517575084813,-0.637769910219497,0.665081659203023,-2.44870664622188,-0.035849946055005,-1.53357520756043,-0.30912534795888,1.05331696954997,2.09185997384283,0.761813507421571,-0.422677418790153,1.17289200197336,-0.91389706446213,-0.539400176911354,2.48911994293887,0.306738611343915,-0.824122117857491,-0.605772383048935,-0.0530358688152651,-0.598759277221428
0,0,1,-1.1799038464301,0.243253016633277,0.764796715637034,-0.410372613906267,0.096624666860087,-0.161762426006558,1.18144262057054,0.217924747683216,0.393687993155086,-0.953186800991893,-1.53357520756043,-0.86701347593109,-1.40997216972706,1.69510432151162,1.57804226537325,2.36315102323586,1.17289200197336,-0.91389706446213,-0.406309378864593,-0.653890725213258,-2.50234130306878,-0.824122117857491,-0.605772383048935,-0.0530358688152651,-0.598759277221428
0,1,0,-1.07245897677204,-1.88537184570027,-0.785875821193686,-0.901972165160589,0.096624666860087,-0.178297110150847,0.271836355175523,-0.825441379196332,-1.0275093265334,-0.953186800991893,0.26092436281963,-0.945313564067541,1.0869392484927,-0.685429592475642,-0.598567755831234,-0.422677418790153,1.17289200197336,-0.91389706446213,-1.20485416714516,0.131861941824773,-1.09780134586243,-0.824122117857491,-0.605772383048935,-0.680807377240853,-0.598759277221428
0,1,1,1.53009453272301,-0.989108745770355,1.64484077592842,0.449926600788798,-0.880857428119862,1.49335945683682,1.18144262057054,0.913502165602915,0.393687993155086,-0.035849946055005,0.26092436281963,0.75336334800379,1.26982193730253,0.108081712186778,-1.14272026113236,-0.422677418790153,1.17289200197336,-0.91389706446213,-0.672490974958114,-2.22539605928932,0.306738611343915,-0.824122117857491,-1.15532605693066,-0.0530358688152651,-0.598759277221428
0,1,1,0.200961700656728,0.467318791615756,0.714935862362734,-1.02487205297417,-0.880857428119862,-1.70114151983991,-0.637769910219497,1.4103431784027,0.393687993155086,-0.035849946055005,1.15817414800966,-0.0864050972596426,0.724972203640624,2.09185997384283,-1.14272026113236,-0.422677418790153,-1.54821744260484,-0.91389706446213,-0.406309378864593,-2.22539605928932,-2.50234130306878,-0.15978462187786,-0.0562187091672108,-0.680807377240853,0.240532727906352
0,1,0,-0.288509372229956,1.69968055401939,-1.36924780450299,-0.901972165160589,-1.85833952309981,0.0135052259229102,-1.54737617561452,-0.427968568956504,-2.44870664622188,2.71616061875566,1.15817414800966,2.92640829403512,1.62067534183462,-0.685429592475642,-0.054415250530112,-0.422677418790153,1.17289200197336,0.251924703986628,2.92096057230442,0.131861941824773,0.306738611343915,4.15840910198975,2.69154966024141,1.20250714803591,1.35958873474339
0,0,1,0.710329971628237,-1.99740473319151,-0.9878122769546,1.43312570329744,0.096624666860087,-0.117118778816976,1.18144262057054,-1.42165059455607,-1.0275093265334,-0.953186800991893,-0.636325422370402,-0.928566045216133,-0.615979942309609,-0.685429592475642,-0.598567755831234,-0.422677418790153,-0.641180961078772,-0.91389706446213,-1.33794496519192,0.131861941824773,1.71127856855026,-0.990206491852399,-1.15532605693066,-0.680807377240853,-1.15828728063995
0,0,1,1.37091694804441,-0.877075858279116,0.690005435725584,-1.02487205297417,1.07410676184004,1.64878548779314,-1.54737617561452,-1.47133469583605,0.393687993155086,-0.953186800991893,1.15817414800966,-0.348710392516752,1.65978410144164,2.48861562617404,-0.326491503180673,-0.422677418790153,-0.641180961078772,2.58356824088414,-0.938672571051635,0.131861941824773,1.71127856855026,-0.824122117857491,-0.605772383048935,-0.0530358688152651,-0.598759277221428
0,1,1,0.284529932612992,-0.428944308314158,-1.15983222075093,-0.533272501719847,0.096624666860087,-0.900862807256296,1.18144262057054,-1.57070289839601,0.393687993155086,-0.953186800991893,0.26092436281963,-0.769790866494998,-0.728101098449174,-0.685429592475642,-0.598567755831234,-0.422677418790153,-0.641180961078772,-0.91389706446213,-1.33794496519192,-0.653890725213258,0.306738611343915,-0.990206491852399,-1.15532605693066,-0.680807377240853,-1.15828728063995
0,0,1,0.654617816990729,-1.43724029573531,-0.00555346745089627,-1.02487205297417,0.096624666860087,-1.62838890960503,-0.637769910219497,-0.22923216383659,0.393687993155086,-0.953186800991893,1.15817414800966,-0.891156003106496,-1.59046331568322,-0.288673940144432,0.217661002120449,-0.422677418790153,-1.54821744260484,0.251924703986628,-0.672490974958114,-0.653890725213258,-1.09780134586243,-0.824122117857491,-1.15532605693066,-0.0530358688152651,-1.15828728063995
0,0,1,0.069640193296886,-0.20487853333168,-1.27700522594554,2.17052503017893,0.096624666860087,1.26848775247448,0.271836355175523,0.913502165602915,0.393687993155086,-0.035849946055005,1.15817414800966,-0.125555141327868,-0.117272917824341,-0.685429592475642,0.761813507421571,-0.422677418790153,1.17289200197336,-0.91389706446213,-0.140127782771072,-0.653890725213258,0.306738611343915,0.504552874101772,0.768111801655375,1.5163929022487,0.800060731324872
0,0,0,-1.13215057102652,-0.653010083296637,1.37060608291977,0.449926600788798,1.07410676184004,-0.62804051887552,-0.637769910219497,-0.974493683036268,0.393687993155086,-0.035849946055005,-1.53357520756043,-0.469205528148957,-0.395817320780852,-0.288673940144432,0.48973725477101,-0.422677418790153,0.265855520447296,-0.91389706446213,-0.273218580817833,-0.653890725213258,-2.50234130306878,-0.658037743862583,-0.880549219989797,-0.366921623028059,-0.598759277221428
0,0,0,0.873486995923799,-1.66130607071779,1.37808521091092,-0.656172389533428,-1.85833952309981,-0.72228821849797,0.271836355175523,1.65876368480259,-1.0275093265334,-0.953186800991893,0.26092436281963,-0.542938111144114,-0.73105535726841,0.901593016849198,0.217661002120449,-0.422677418790153,0.265855520447296,-0.91389706446213,-0.938672571051635,0.131861941824773,0.306738611343915,-0.824122117857491,-0.605772383048935,-0.366921623028059,-0.598759277221428
0,0,0,0.83369259975415,0.467318791615756,0.226299500274597,-0.533272501719847,-0.880857428119862,0.297901793204689,-1.54737617561452,1.46002727968268,-1.0275093265334,-0.953186800991893,-1.53357520756043,-0.931611048643662,0.839484902633856,1.29834866918041,0.48973725477101,-0.422677418790153,-1.54821744260484,0.251924703986628,-0.805581773004875,-0.653890725213258,-2.50234130306878,-0.990206491852399,-1.15532605693066,-0.680807377240853,-1.15828728063995
0,0,1,-1.44254686114978,-0.20487853333168,-0.646265432025647,1.67892547892461,-0.880857428119862,-1.27123973208838,-0.637769910219497,-0.775757277916354,-1.0275093265334,-0.035849946055005,0.26092436281963,-0.10315261611105,0.164788459916975,0.108081712186778,-0.598567755831234,-0.422677418790153,-1.54821744260484,-0.91389706446213,-0.406309378864593,-1.43964339225129,0.306738611343915,-0.990206491852399,-1.15532605693066,-0.680807377240853,-0.878523278930688
0,1,1,1.37489638766138,0.467318791615756,1.34816869894634,1.31022581548386,-0.880857428119862,-1.29273482147596,-0.637769910219497,0.217924747683216,0.393687993155086,-0.953186800991893,-0.636325422370402,-0.706933295741014,1.04135925528163,-0.685429592475642,1.85011851802381,2.36315102323586,1.17289200197336,-0.91389706446213,-0.938672571051635,1.70336727590083,-1.09780134586243,-0.491953369867676,-0.330995546108073,-0.680807377240853,-0.598759277221428
0,0,0,-1.58580668736052,-0.20487853333168,-0.195024709893235,0.0812269373480563,0.096624666860087,1.00723974299471,1.18144262057054,-0.527336771516461,-1.0275093265334,0.881486908881883,-1.53357520756043,0.851673458664,1.01350481498598,2.48861562617404,0.48973725477101,-0.422677418790153,0.265855520447296,-0.91389706446213,0.525326207462731,0.131861941824773,0.306738611343915,1.0028059960865,2.14199598635968,1.20250714803591,-1.15828728063995
0,1,0,0.196982261039763,2.37187787896682,-1.66591988148508,1.67892547892461,1.07410676184004,-1.42997269987356,1.18144262057054,1.4103431784027,0.393687993155086,0.881486908881883,1.15817414800966,0.852978460132941,-1.5278611645137,-0.685429592475642,-0.870644008481795,-0.422677418790153,1.17289200197336,0.251924703986628,3.85259615863174,0.131861941824773,-1.09780134586243,5.48708409394901,1.59244231247796,4.02747893595106,0.520296729615612
0,1,1,1.44652630076675,-1.99740473319151,-0.775903650538826,0.0812269373480563,0.096624666860087,0.360733592952989,-1.54737617561452,1.50971138096266,-1.0275093265334,-0.953186800991893,-0.636325422370402,-0.985551109359884,-1.15041943060849,-0.685429592475642,2.6663472759755,2.36315102323586,-0.641180961078772,-0.91389706446213,-1.33794496519192,-0.653890725213258,1.71127856855026,-0.990206491852399,-0.880549219989797,-0.680807377240853,-1.15828728063995
0,0,1,1.0207262617515,1.13951611656319,-0.372030739016999,2.41632480580609,1.07410676184004,-1.08109086442905,-1.54737617561452,1.11223857072283,0.393687993155086,0.881486908881883,-0.636325422370402,1.18727633642662,-0.57082198607272,-0.685429592475642,-0.870644008481795,-0.422677418790153,1.17289200197336,0.251924703986628,-0.140127782771072,-0.653890725213258,-1.09780134586243,0.504552874101772,0.768111801655375,2.14416441067429,1.35958873474339
0,0,1,-0.547172947332676,-0.316911420822919,-0.391975080326719,-0.287472726092686,0.096624666860087,-1.45973513133328,-1.54737617561452,0.0191883425633022,-2.44870664622188,-0.035849946055005,0.26092436281963,-0.0687875774289412,1.20440620630516,-0.685429592475642,2.39427102332494,2.36315102323586,1.17289200197336,-0.91389706446213,-0.273218580817833,0.131861941824773,0.306738611343915,0.338468500106864,0.768111801655375,-0.680807377240853,0.520296729615612
0,0,0,-0.411872000355869,-0.540977195805398,0.57283243053098,-0.656172389533428,1.07410676184004,-1.22163567965551,1.18144262057054,-1.67007110095597,-2.44870664622188,0.881486908881883,1.15817414800966,0.872118481677407,1.61589225612728,-0.685429592475642,-1.14272026113236,-0.422677418790153,0.265855520447296,-0.91389706446213,0.39223540941597,-0.653890725213258,-1.09780134586243,1.1688903700814,1.04288863859624,2.14416441067429,1.07982473303413
0,1,1,0.260653294911202,2.37187787896682,-0.534078512158473,-0.287472726092686,1.07410676184004,0.54592205536903,0.271836355175523,-0.626704974076418,-1.0275093265334,0.881486908881883,-1.53357520756043,0.786858385706605,-0.323930356179449,1.69510432151162,-0.326491503180673,-0.422677418790153,1.17289200197336,-0.91389706446213,2.6547789762109,-2.22539605928932,-1.09780134586243,0.504552874101772,1.3176654755371,0.888621393823117,1.35958873474339
0,1,1,0.622782300055009,-0.316911420822919,-0.0628934487163409,1.80182536673819,1.07410676184004,0.759219480830364,-1.54737617561452,-1.27259829071614,-1.0275093265334,-0.035849946055005,-0.636325422370402,-0.389600438543565,-0.915907551957731,-1.08218524480685,2.12219477067437,2.36315102323586,0.265855520447296,-0.91389706446213,0.658417005509491,-0.653890725213258,1.71127856855026,1.33497474407631,1.3176654755371,2.45805016488709,1.63935273645265
0,0,0,1.40275246498013,1.69968055401939,-0.229927307185245,-0.164572838279105,1.07410676184004,-0.986843164806601,0.271836355175523,0.963186266882893,-1.0275093265334,-0.035849946055005,-0.636325422370402,-0.315215354813937,0.481316190549373,-0.288673940144432,-0.054415250530112,-0.422677418790153,-1.54821744260484,-0.91389706446213,-0.0070369847243115,0.131861941824773,-1.09780134586243,0.172384126111956,-0.605772383048935,1.5163929022487,0.800060731324872
0,0,1,1.1679655275792,-1.21317452075283,-0.858174058441421,1.80182536673819,0.096624666860087,-0.674337634479531,0.271836355175523,0.0191883425633022,-2.44870664622188,-0.953186800991893,1.15817414800966,-0.880933491599793,1.25026755749901,-0.685429592475642,0.761813507421571,-0.422677418790153,-0.641180961078772,-0.91389706446213,-1.33794496519192,0.131861941824773,-2.50234130306878,-0.990206491852399,-1.15532605693066,-0.680807377240853,-1.15828728063995
0,0,1,0.117393468700465,0.691384566598234,-0.0205117234331862,0.941526152043121,0.096624666860087,1.21888370004161,0.271836355175523,-1.3719664932761,-1.0275093265334,-0.953186800991893,0.26092436281963,-0.859835967851916,0.17744956914227,2.48861562617404,0.217661002120449,-0.422677418790153,1.17289200197336,0.251924703986628,-0.672490974958114,0.917614608862804,0.306738611343915,-0.990206491852399,-1.15532605693066,-0.680807377240853,-1.15828728063995
0,0,1,-1.49427957617033,-1.32520740824407,-0.539064597485903,1.80182536673819,-1.85833952309981,0.402070303313712,0.271836355175523,0.366977051523152,-2.44870664622188,-0.953186800991893,1.15817414800966,-1.14671879077408,-0.884254778894491,-0.685429592475642,-0.326491503180673,-0.422677418790153,1.17289200197336,-0.91389706446213,-1.33794496519192,0.917614608862804,0.306738611343915,-0.990206491852399,-1.15532605693066,-0.366921623028059,-1.15828728063995
0,0,1,-0.686453333926448,-0.428944308314158,-0.00555346745089627,0.572826488602379,0.096624666860087,-1.16541775356493,0.271836355175523,-0.378284467676526,0.393687993155086,-0.953186800991893,1.15817414800966,-0.860053468096739,1.10058511065774,0.901593016849198,-0.598567755831234,-0.422677418790153,0.265855520447296,0.251924703986628,-0.406309378864593,-0.653890725213258,-2.50234130306878,-0.325868995872768,-0.0562187091672108,-0.680807377240853,-0.0392312738029078
0,0,0,1.00878794290061,-1.99740473319151,-1.27700522594554,-0.901972165160589,0.096624666860087,-1.3010021635481,-0.637769910219497,-0.924809581756289,-1.0275093265334,-0.953186800991893,1.15817414800966,-1.15019879469125,-0.715299310232486,-0.685429592475642,1.85011851802381,2.36315102323586,0.265855520447296,-0.91389706446213,-1.33794496519192,0.131861941824773,-1.09780134586243,-0.990206491852399,-1.15532605693066,-0.366921623028059,-1.15828728063995
0,0,1,-0.59094678311929,-1.66130607071779,-1.05761747153862,-0.287472726092686,-1.85833952309981,1.40241869404322,1.18144262057054,0.466345254083109,0.393687993155086,-0.953186800991893,-0.636325422370402,-0.852223459283094,1.65528237371709,-0.685429592475642,2.12219477067437,2.36315102323586,-1.54821744260484,-0.91389706446213,-1.33794496519192,-0.653890725213258,0.306738611343915,-0.990206491852399,-1.15532605693066,-0.680807377240853,-1.15828728063995
0,0,0,0.336262647633535,2.14781210398434,0.864518422185633,1.80182536673819,-0.880857428119862,1.45036927806166,-1.54737617561452,1.55939548224264,0.393687993155086,-0.953186800991893,1.15817414800966,-0.827210931128395,-0.571806739012465,-0.685429592475642,0.217661002120449,-0.422677418790153,1.17289200197336,-0.91389706446213,-0.805581773004875,0.131861941824773,0.306738611343915,-0.491953369867676,-0.605772383048935,-0.366921623028059,-1.15828728063995
0,1,0,-1.4743823780855,-1.43724029573531,0.420756828044366,0.941526152043121,-0.880857428119862,0.312783008934549,1.18144262057054,1.55939548224264,0.393687993155086,-0.953186800991893,-0.636325422370402,-0.909208523426844,-1.54094431071317,-0.685429592475642,-0.598567755831234,-0.422677418790153,-1.54821744260484,0.251924703986628,-1.33794496519192,0.131861941824773,-2.50234130306878,-0.990206491852399,-1.15532605693066,-0.680807377240853,-1.15828728063995
0,0,0,-0.762062686648781,-1.32520740824407,-1.07756181284834,-0.0416729504655244,-0.880857428119862,0.676546060108917,-1.54737617561452,0.118556545123259,-1.0275093265334,-0.953186800991893,-1.53357520756043,-0.432882987263436,0.120474577628439,0.108081712186778,-0.870644008481795,-0.422677418790153,-1.54821744260484,-0.91389706446213,-0.672490974958114,-0.653890725213258,0.306738611343915,-0.658037743862583,-0.605772383048935,-0.0530358688152651,-0.598759277221428
0,0,1,-0.622782300055009,-1.32520740824407,-1.43406691375958,-0.533272501719847,0.096624666860087,-1.46800247340542,0.271836355175523,-0.974493683036268,-1.0275093265334,-0.035849946055005,0.26092436281963,-0.140562658220688,1.77725105925411,-0.685429592475642,-1.14272026113236,-0.422677418790153,1.17289200197336,-0.91389706446213,-0.672490974958114,-1.43964339225129,0.306738611343915,-0.15978462187786,-0.0562187091672108,-0.680807377240853,-0.318995275512168
0,0,0,-0.690432773543413,-0.877075858279116,-1.47395559637902,-1.02487205297417,1.07410676184004,0.813783938506519,-1.54737617561452,1.70844778608257,-1.0275093265334,-0.953186800991893,-1.53357520756043,-0.876148486213676,-0.950655262831599,1.29834866918041,-0.598567755831234,-0.422677418790153,0.265855520447296,-0.91389706446213,-0.0070369847243115,-0.653890725213258,-2.50234130306878,0.338468500106864,0.768111801655375,-0.680807377240853,0.800060731324872
0,0,1,0.145249546019219,-0.877075858279116,-0.888090570406001,1.80182536673819,-0.880857428119862,1.38588400989893,1.18144262057054,0.366977051523152,-1.0275093265334,-0.953186800991893,1.15817414800966,-0.859400967362269,0.0601232903211947,-0.685429592475642,2.39427102332494,2.36315102323586,-0.641180961078772,-0.91389706446213,-1.33794496519192,0.131861941824773,-1.09780134586243,-0.990206491852399,-1.15532605693066,-0.366921623028059,-1.15828728063995
0,1,0,1.68927211740161,0.803417454089473,-0.484217658884173,0.69572637641596,0.096624666860087,0.438446608431149,-1.54737617561452,0.366977051523152,0.393687993155086,0.881486908881883,1.15817414800966,0.345332888714953,-0.0352570658427015,-0.685429592475642,-1.14272026113236,-0.422677418790153,1.17289200197336,0.251924703986628,-0.140127782771072,-0.653890725213258,0.306738611343915,0.504552874101772,0.768111801655375,-0.680807377240853,0.240532727906352
0,0,1,-0.0497429952120614,-0.653010083296637,-1.41162952978615,-0.410372613906267,1.07410676184004,-1.43327963670242,-0.637769910219497,0.516029355363087,-2.44870664622188,-0.035849946055005,0.26092436281963,-0.0474725534362408,0.902227732794768,0.504837364517988,0.761813507421571,-0.422677418790153,-0.641180961078772,-0.91389706446213,0.126053813322449,0.131861941824773,-1.09780134586243,0.00629975211704819,0.768111801655375,1.5163929022487,0.800060731324872
0,0,1,0.212900019507623,1.25154900405443,-0.471752445565598,-1.02487205297417,-0.880857428119862,-1.59697300973088,-1.54737617561452,1.60907958352261,-1.0275093265334,0.881486908881883,0.26092436281963,-0.219515247091609,0.698946590233072,2.48861562617404,-0.598567755831234,-0.422677418790153,1.17289200197336,-0.91389706446213,1.59005259183681,-0.653890725213258,0.306738611343915,-0.990206491852399,-1.15532605693066,-0.680807377240853,-1.15828728063995
